state,district,total_enrolments,records,anomaly_score
maharashtra,Thane,43688,4236,5.847145080858726
bihar,Sitamarhi,42232,1672,5.625307969984214
uttar pradesh,Bahraich,39338,1585,5.184376239990506
west bengal,Murshidabad,35911,4562,4.662236281908807
west bengal,South 24 Parganas,33540,4559,4.300989173472358
maharashtra,Pune,31763,6663,4.030244292961363
rajasthan,Jaipur,31146,4670,3.936237770015227
karnataka,Bengaluru,30980,5305,3.9109459016050834
uttar pradesh,Sitapur,30854,1720,3.891748459317866
bihar,West Champaran,30438,1277,3.828366427639434
uttar pradesh,Agra,29910,1979,3.7479200028168087
bihar,East Champaran,29323,2526,3.658484299462867
bihar,Muzaffarpur,28855,2966,3.5871795138246307
meghalaya,East Khasi Hills,28812,1332,3.580628005742485
west bengal,North 24 Parganas,28606,6488,3.5492417112094157
uttar pradesh,Bareilly,27811,1597,3.428114992016258
bihar,Gaya,27401,2095,3.365647124256265
west bengal,Uttar Dinajpur,26892,1430,3.288095551842029
uttar pradesh,Aligarh,26192,2055,3.181443094690821
telangana,Hyderabad,25990,3108,3.1506662427700443
bihar,Madhubani,25930,2635,3.1415246035856548
uttar pradesh,Lucknow,25514,2933,3.0781425719072226
gujarat,Surat,25469,2969,3.0712863425189307
uttar pradesh,Hardoi,25193,1624,3.0292348022707403
uttar pradesh,Kanpur Nagar,24708,2601,2.9553398855302606
bihar,Patna,24644,3390,2.9455888037335787
uttar pradesh,Kheri,24578,1816,2.9355330006307505
uttar pradesh,Shahjahanpur,24291,1112,2.8918054931987554
bihar,Saran,24218,3104,2.880683165524415
uttar pradesh,Meerut,24027,1471,2.8515822807874427
rajasthan,Alwar,23383,2720,2.7534620202083313
uttar pradesh,Varanasi,23334,2125,2.745996348207747
karnataka,Bengaluru Urban,23074,97,2.7063825784087268
uttar pradesh,Ghaziabad,23070,1828,2.705773135796434
madhya pradesh,Morena,22381,805,2.600796645829031
maharashtra,Nashik,22368,3739,2.5988159573390797
madhya pradesh,Indore,22303,1828,2.5889125148893246
rajasthan,Jodhpur,22215,2471,2.575504777418887
madhya pradesh,Barwani,21823,589,2.515779401414211
uttar pradesh,Moradabad,21545,1037,2.4734231398598743
bihar,Bhagalpur,21062,1782,2.399832944425541
uttar pradesh,Azamgarh,20573,2967,2.3253285850727683
uttar pradesh,Rampur,20110,604,2.254785602699898
bihar,Purnia,20100,1589,2.2532619961691664
uttar pradesh,Gorakhpur,19969,2555,2.2333027506165832
delhi,West Delhi,19414,684,2.1487425881609825
bihar,Samastipur,19207,2481,2.11720393297484
uttar pradesh,Saharanpur,19166,1253,2.1109571461988406
uttar pradesh,Unnao,19148,1501,2.1082146544435236
gujarat,Ahmedabad,19130,3956,2.1054721626882067
uttar pradesh,Gautam Buddha Nagar,18957,1231,2.0791137697065514
madhya pradesh,Gwalior,18542,1206,2.0158840986811923
maharashtra,Mumbai Suburban,18216,2911,1.966214525779344
west bengal,Paschim Medinipur,18085,4162,1.9462552802267608
bihar,Vaishali,18007,2287,1.9343711492870548
uttar pradesh,Maharajganj,17871,1111,1.9136501004691058
madhya pradesh,Chhatarpur,17836,1309,1.9083174776115455
west bengal,Nadia,17710,3777,1.889120035324328
punjab,Ludhiana,17614,2351,1.8744934126293051
assam,Cachar,17514,2581,1.8592573473219898
telangana,K.v. Rangareddy,17409,4532,1.8432594787493086
maharashtra,Aurangabad,17393,2229,1.8408217083001381
gujarat,Banaskantha,17360,1576,1.835793806748724
rajasthan,Nagaur,17267,2672,1.8216242660129207
gujarat,Rajkot,17070,2052,1.7916092173575093
rajasthan,Bharatpur,17054,2081,1.7891714469083388
uttar pradesh,Bulandshahr,16885,2190,1.7634224965389758
uttar pradesh,Bijnor,16851,1750,1.7582422343344886
bihar,Pashchim Champaran,16359,81,1.6832807930224967
bihar,Katihar,16350,1378,1.6819095471448384
haryana,Faridabad,16155,815,1.6521992197955733
delhi,North West Delhi,16043,1194,1.63513482665138
meghalaya,West Khasi Hills,15898,153,1.6130425319557726
meghalaya,West Garo Hills,15875,496,1.6095382369350901
uttar pradesh,Jaunpur,15853,2689,1.6061863025674807
rajasthan,Barmer,15851,1742,1.6058815812613343
west bengal,Barddhaman,15836,5362,1.6035961714652371
west bengal,Malda,15815,2057,1.6003965977507009
bihar,Darbhanga,15765,2429,1.5927785650970432
bihar,Araria,15579,1091,1.5644394836254365
uttar pradesh,Budaun,15529,1407,1.5568214509717788
west bengal,Birbhum,15509,2430,1.5537742379103157
bihar,Nawada,15413,1442,1.539147615215293
west bengal,Hooghly,15354,4471,1.5301583366839768
bihar,Siwan,15311,2492,1.5236068286018312
uttar pradesh,Gonda,15267,2058,1.5169029598666124
bihar,Gopalganj,15148,1347,1.498772042150907
madhya pradesh,Khargone,15039,1087,1.4821647309659332
rajasthan,Udaipur,14906,2369,1.4619007641072037
bihar,Purbi Champaran,14871,24,1.4565681412496434
assam,Karimganj,14833,1561,1.4507784364328635
bihar,Nalanda,14575,1718,1.4114693879399898
kerala,Malappuram,14567,4700,1.4102505027154044
maharashtra,Mumbai,14552,4183,1.407965092919307
assam,Barpeta,14383,1280,1.3822161425499442
west bengal,Purba Medinipur,14322,4146,1.3729221427124816
madhya pradesh,Ujjain,14308,1433,1.3707890935694576
jharkhand,Giridih,14303,1250,1.3700272903040918
jharkhand,Ranchi,14265,1824,1.3642375854873119
uttar pradesh,Siddharthnagar,14013,1208,1.325842700912877
rajasthan,Jalor,13991,1313,1.3224907665452676
madhya pradesh,Bhind,13967,1231,1.318834110871512
madhya pradesh,Sagar,13841,1597,1.2996366685842946
assam,Kamrup,13666,1830,1.2729735542964926
uttar pradesh,Pilibhit,13635,575,1.2682503740512248
gujarat,Banas Kantha,13498,152,1.2473769645802026
madhya pradesh,Jhabua,13488,572,1.245853358049471
delhi,South Delhi,13395,1309,1.2316838173136677
bihar,Bhojpur,13357,2309,1.2258941124968878
rajasthan,Bikaner,13283,1539,1.2146194241694745
madhya pradesh,Satna,13276,1603,1.2135528995979623
maharashtra,Jalgaon,13260,2836,1.211115129148792
uttar pradesh,Allahabad,13249,2626,1.2094391619649874
west bengal,Puruliya,13219,2116,1.2048683423727926
bihar,Begusarai,13209,1746,1.203344735842061
bihar,Saharsa,13063,1093,1.1811000804933807
tamil nadu,Kancheepuram,13050,4421,1.1791193920034295
gujarat,Dohad,13003,541,1.1719584413089914
assam,Nagaon,12873,1784,1.1521515564094813
madhya pradesh,Bhopal,12862,1645,1.1504755892256766
rajasthan,Churu,12780,1519,1.137982015673678
madhya pradesh,Shivpuri,12741,1089,1.132039950203825
madhya pradesh,Dhar,12712,1030,1.1276214912647036
assam,Dhubri,12646,1307,1.1175656881618754
maharashtra,Dhule,12605,1484,1.111318901385876
madhya pradesh,Jabalpur,12467,1409,1.0902931312617807
uttar pradesh,Fatehpur,12333,1538,1.069876803749978
uttar pradesh,Balrampur,12324,962,1.0685055578723197
uttar pradesh,Firozabad,12300,1135,1.0648489021985639
maharashtra,Solapur,12292,2994,1.0636300169739787
gujarat,Vadodara,12284,3185,1.0624111317493934
rajasthan,Ajmer,12135,2528,1.0397093944414935
delhi,North East Delhi,12113,309,1.036357460073884
uttar pradesh,Muzaffarnagar,11949,1434,1.0113703129698868
maharashtra,Nanded,11947,2044,1.0110655916637405
maharashtra,Ahmadnagar,11836,3723,0.9941535591726204
maharashtra,Nagpur,11828,3043,0.9929346739480351
meghalaya,West Jaintia Hills,11816,241,0.9911063461111573
andhra pradesh,Kurnool,11770,3906,0.9840977560697922
uttar pradesh,Mathura,11746,1699,0.9804411003960365
uttar pradesh,Mainpuri,11726,1169,0.9773938873345734
west bengal,Dinajpur Uttar,11671,11,0.96901405141555
assam,Golaghat,11505,1008,0.9437221830054064
tamil nadu,Tiruvallur,11435,3694,0.9330569372902856
uttar pradesh,Sultanpur,11434,1801,0.9329045766372125
west bengal,Howrah,11411,2380,0.9294002816165299
rajasthan,Sikar,11400,2861,0.9277243144327252
west bengal,Bankura,11355,2841,0.9208680850444333
uttar pradesh,Ghazipur,11288,2400,0.9106599212885319
uttar pradesh,Etah,11264,846,0.9070032656147763
rajasthan,Bhilwara,11083,1932,0.8794259874085353
bihar,Banka,11074,1372,0.8780547415308769
jharkhand,Dhanbad,11031,2150,0.8715032334487313
madhya pradesh,Katni,10941,925,0.8577907746721475
madhya pradesh,Rewa,10838,1847,0.8420976274056126
delhi,East Delhi,10736,569,0.8265568407921509
rajasthan,Sirohi,10732,1076,0.8259473981798582
west bengal,Cooch Behar,10728,1979,0.8253379555675656
maharashtra,Palghar,10699,1646,0.8209194966284441
west bengal,Jalpaiguri,10654,2874,0.8140632672401522
uttar pradesh,Kushinagar,10611,1236,0.8075117591580065
uttar pradesh,Banda,10591,738,0.8044645460965435
maharashtra,Nandurbar,10516,1159,0.7930374971160569
gujarat,Dahod,10509,920,0.7919709725445448
assam,Marigaon,10487,798,0.7886190381769355
madhya pradesh,Dewas,10442,862,0.7817628087886435
bihar,Supaul,10411,1407,0.7770396285433757
bihar,Jamui,10382,794,0.7726211696042543
madhya pradesh,Vidisha,10374,753,0.7714022843796691
west bengal,Kolkata,10361,2973,0.769421595889718
uttar pradesh,Pratapgarh,10308,2300,0.7613464812768409
uttar pradesh,Deoria,10257,1680,0.75357608797011
tamil nadu,Salem,10249,4058,0.7523572027455248
maharashtra,Beed,10185,1400,0.7426061209488429
gujarat,Bhavnagar,10174,1852,0.7409301537650382
bihar,Aurangabad,10170,1596,0.7403207111527456
telangana,Mahabubnagar,10168,3157,0.7400159898465992
uttar pradesh,Basti,10119,1616,0.7325503178460148
tamil nadu,Chennai,10043,3300,0.720970908212455
uttar pradesh,Ballia,9976,2285,0.7107627444565536
tamil nadu,Madurai,9938,2904,0.7049730396397739
tamil nadu,Tiruchirappalli,9932,3769,0.7040588757213349
assam,Goalpara,9898,741,0.6988786135168477
madhya pradesh,Guna,9811,826,0.6856232366994832
karnataka,Raichur,9779,1788,0.6807476958011422
uttar pradesh,Rae Bareli,9729,2297,0.6731296631474846
andhra pradesh,Guntur,9729,4145,0.6731296631474846
madhya pradesh,Burhanpur,9689,282,0.6670352370245585
tamil nadu,Tirunelveli,9675,4420,0.6649021878815342
punjab,Amritsar,9655,1565,0.6618549748200712
tamil nadu,Vellore,9633,4102,0.6585030404524618
uttar pradesh,Chandauli,9566,1089,0.6482948766965605
uttarakhand,Dehradun,9485,1521,0.635953663797635
madhya pradesh,Panna,9339,719,0.6137090084489545
meghalaya,Ri Bhoi,9308,370,0.6089858282036867
gujarat,Kachchh,9302,1779,0.6080716642852477
delhi,South West Delhi,9255,1384,0.6009107135908095
assam,Sonitpur,9197,1754,0.5920737957125666
rajasthan,Pali,9114,2297,0.5794278615074948
uttar pradesh,Bara Banki,9086,2090,0.5751617632214464
bihar,Madhepura,9027,1032,0.5661724846901304
tamil nadu,Coimbatore,8986,4092,0.559925697914131
madhya pradesh,Chhindwara,8981,1412,0.5591638946487653
gujarat,Patan,8967,961,0.5570308455057411
chhattisgarh,Bilaspur,8941,1340,0.5530694685258392
bihar,Kishanganj,8764,520,0.5261016329318908
uttar pradesh,Sambhal,8677,1114,0.5128462561145264
rajasthan,Karauli,8636,1420,0.5065994693385271
tamil nadu,Cuddalore,8630,3245,0.5056853054200882
jharkhand,Palamu,8606,985,0.5020286497463324
rajasthan,Dholpur,8580,865,0.4980672727664305
assam,Tinsukia,8384,1199,0.4682045847640922
jharkhand,Deoghar,8324,945,0.459062945579703
madhya pradesh,Mandsaur,8276,1132,0.4517496342321916
uttar pradesh,Shamli,8200,643,0.44017022459863187
bihar,Khagaria,8196,936,0.43956078198633924
andhra pradesh,Chittoor,8195,3611,0.4394084213332661
jharkhand,East Singhbhum,8191,1440,0.4387989787209735
maharashtra,Hingoli,8189,561,0.43849425741482717
andhra pradesh,Visakhapatnam,8178,3658,0.4368182902310225
madhya pradesh,Rajgarh,8171,909,0.4357517656595104
madhya pradesh,Betul,8166,1162,0.4349899623941446
odisha,Mayurbhanj,8154,3092,0.4331616345572668
uttar pradesh,Amroha,8142,813,0.43133330672038894
odisha,Ganjam,8116,3739,0.42737192974048693
assam,Karbi Anglong,8107,927,0.4260006838628285
uttar pradesh,Kanpur Dehat,8017,1169,0.4122882250862447
gujarat,Morbi,8004,495,0.41030753659629365
uttar pradesh,Ambedkar Nagar,8002,1743,0.41000281529014737
madhya pradesh,Ratlam,7982,835,0.40695560222868427
bihar,Rohtas,7939,1660,0.40040409414653866
bihar,Kaimur (Bhabua),7825,689,0.38303497969619904
karnataka,Belagavi,7805,3695,0.379987766634736
andhra pradesh,East Godavari,7678,4255,0.3606379636944454
uttar pradesh,Mirzapur,7645,970,0.3556100621430313
maharashtra,Sangli,7632,2113,0.3536293736530803
andhra pradesh,Prakasam,7623,3670,0.3522581277754219
rajasthan,Jhunjhunun,7611,2419,0.35042979993854406
maharashtra,Latur,7607,1361,0.34982035732625144
assam,Darrang,7595,803,0.3479920294893736
maharashtra,Yavatmal,7594,1591,0.34783966883630046
uttar pradesh,Mau,7579,1346,0.34555425904020315
madhya pradesh,Raisen,7567,1081,0.3437259312033253
gujarat,Kheda,7567,2000,0.3437259312033253
haryana,Mewat,7558,429,0.3423546853256669
telangana,Medak,7544,3030,0.34022163618264273
rajasthan,Kota,7525,1681,0.3373267837742528
maharashtra,Kolhapur,7480,3101,0.33047055438596085
uttar pradesh,Kaushambi,7463,867,0.32788042328371725
gujarat,Valsad,7448,1281,0.32559501348761993
tamil nadu,Thanjavur,7372,3674,0.31401560385406024
west bengal,Darjeeling,7319,1663,0.30594048924118306
tamil nadu,Tiruvannamalai,7266,3108,0.29786537462830587
rajasthan,Banswara,7263,1051,0.2974082926690864
uttar pradesh,Hapur,7262,453,0.29725593201601325
madhya pradesh,Tikamgarh,7242,1066,0.2942087189545502
bihar,Buxar,7240,1485,0.29390399764840386
madhya pradesh,Sheopur,7230,343,0.29238039111767233
assam,Lakhimpur,7199,906,0.28765721087240453
uttar pradesh,Amethi,7197,1806,0.28735248956625825
uttar pradesh,Jhansi,7160,1267,0.28171514540255155
uttar pradesh,Etawah,7154,964,0.2808009814841126
karnataka,Bagalkot,7142,1883,0.2789726536472348
maharashtra,Buldhana,7084,1553,0.2701357357689918
kerala,Thrissur,7071,4197,0.2681550472790408
assam,Dibrugarh,7062,1086,0.2667838014013824
assam,Hojai,7050,591,0.2649554735645046
tamil nadu,Pudukkottai,7045,2450,0.2641936702991388
chhattisgarh,Raipur,7041,1442,0.2635842276868462
rajasthan,Jhalawar,7036,1132,0.2628224244214804
madhya pradesh,Shajapur,7025,1118,0.2611464572376757
karnataka,Bangalore,7016,3546,0.25977521136001736
madhya pradesh,Alirajpur,7010,429,0.2588610474415784
gujarat,Anand,6980,2001,0.25429022784938377
uttar pradesh,Faizabad,6926,2011,0.24606275258343346
jharkhand,Pakur,6924,388,0.24575803127728715
maharashtra,Amravati,6915,1902,0.24438678539962877
assam,Dhemaji,6901,609,0.24225373625660462
haryana,Gurgaon,6861,1275,0.23615931013367844
gujarat,Surendra Nagar,6855,1498,0.2352451462152395
jharkhand,West Singhbhum,6848,812,0.23417862164372744
uttar pradesh,Baghpat,6839,957,0.23280737576606905
madhya pradesh,Balaghat,6805,1229,0.2276271135615818
tamil nadu,Villupuram,6772,3226,0.22259921201016772
rajasthan,Sawai Madhopur,6744,1381,0.2183331137241194
karnataka,Belgaum,6743,3363,0.21818075307104626
andhra pradesh,Krishna,6737,3466,0.21726658915260733
chhattisgarh,Bijapur,6724,341,0.21528590066265632
kerala,Palakkad,6724,3745,0.21528590066265632
kerala,Kozhikode,6704,3249,0.21223868760119324
jharkhand,Gumla,6701,960,0.2117816056419738
gujarat,Ahmadabad,6667,719,0.20660134343748654
kerala,Thiruvananthapuram,6663,3709,0.20599190082519392
telangana,Nalgonda,6661,2338,0.2056871795190476
uttar pradesh,Kannauj,6638,1056,0.20218288449836508
chhattisgarh,Bastar,6608,589,0.19761206490617045
telangana,Nizamabad,6577,2171,0.19288888466090265
rajasthan,Dungarpur,6571,1464,0.19197472074246374
madhya pradesh,Singrauli,6550,599,0.1887751470279275
west bengal,Dakshin Dinajpur,6526,1066,0.1851184913541718
madhya pradesh,Sehore,6518,924,0.18389960612958656
karnataka,Dakshina Kannada,6505,3050,0.18191891763963555
uttar pradesh,Hathras,6493,905,0.18009058980275772
gujarat,Mahesana,6490,1618,0.17963350784353824
uttar pradesh,Kasganj,6341,717,0.15693177053563828
kerala,Ernakulam,6324,3558,0.15434163943339466
jharkhand,Sahebganj,6321,724,0.1538845574741752
jharkhand,Chatra,6302,448,0.15098970506578527
madhya pradesh,Sidhi,6292,575,0.14946609853505372
gujarat,Panchmahals,6279,1206,0.1474854100451027
maharashtra,Parbhani,6272,1038,0.14641888547359064
rajasthan,Baran,6267,827,0.14565708220822488
karnataka,Yadgir,6258,1233,0.1442858363305665
odisha,Nabarangapur,6232,924,0.14032445935066448
jharkhand,Hazaribagh,6204,1177,0.13605836106461616
tamil nadu,Tiruppur,6192,2454,0.1342300332277383
chhattisgarh,Balrampur,6190,479,0.133925311921592
uttar pradesh,Sant Kabir Nagar,6169,1117,0.13072573820705577
bihar,Lakhisarai,6155,522,0.1285926890640316
west bengal,24 Paraganas North,6147,31,0.12737380383944638
rajasthan,Dausa,6133,1474,0.1252407546964222
uttarakhand,Udham Singh Nagar,6095,795,0.11945104987964235
haryana,Panipat,6088,593,0.11838452530813028
bihar,Munger,6087,660,0.11823216465505712
tamil nadu,Dindigul,6083,2426,0.1176227220427645
madhya pradesh,Seoni,6081,976,0.11731800073661819
gujarat,Jamnagar,6078,1683,0.11686091877739874
jharkhand,Garhwa,6073,592,0.11609911551203296
madhya pradesh,Damoh,6066,754,0.11503259094052089
meghalaya,East Garo Hills,6052,182,0.11289954179749673
assam,Kamrup Metro,6046,1711,0.1119853778790578
maharashtra,Satara,6021,2369,0.10817636155222894
odisha,Baleswar,6018,2277,0.10771927959300949
tamil nadu,Erode,6017,2553,0.10756691893993633
rajasthan,Chittorgarh,5986,1396,0.10284373869466855
madhya pradesh,Hoshangabad,5982,771,0.10223429608237593
kerala,Kannur,5965,3179,0.09964416498013232
uttarakhand,Haridwar,5955,1086,0.09812055844940078
andhra pradesh,West Godavari,5935,3453,0.09507334538793769
andhra pradesh,Cuddapah,5934,2831,0.09492098473486453
rajasthan,Tonk,5915,930,0.09202613232647461
uttar pradesh,Farrukhabad,5870,1269,0.08516990293818266
madhya pradesh,Datia,5843,579,0.0810561653052075
jharkhand,Dumka,5825,1118,0.07831367354989073
telangana,Karimnagar,5808,2778,0.0757235424476471
jharkhand,Bokaro,5800,1482,0.07450465722306188
tamil nadu,Dharmapuri,5739,1644,0.06521065738559947
gujarat,Gir Somnath,5723,757,0.062772886936429
odisha,Balangir,5670,1814,0.05469777232355184
gujarat,Gandhinagar,5650,1208,0.05165055926208875
karnataka,Vijayapura,5596,1944,0.04342308399613842
maharashtra,Jalna,5590,1133,0.0425089200776995
assam,Hailakandi,5578,816,0.04068059224082165
uttar pradesh,Jalaun,5557,1059,0.037481018526285416
gujarat,Junagadh,5536,1856,0.034281444811749176
rajasthan,Ganganagar,5504,1311,0.029405903913408242
karnataka,Koppal,5451,1284,0.02133078930053107
odisha,Kendujhar,5426,1929,0.017521772973702218
tamil nadu,Virudhunagar,5407,2180,0.014626920565312288
odisha,Cuttack,5402,2556,0.013865117299946517
uttar pradesh,Chitrakoot,5401,479,0.013712756646873363
jharkhand,Godda,5390,673,0.012036789463068668
andhra pradesh,Nellore,5367,2721,0.00853249444238612
tamil nadu,Thoothukkudi,5319,2574,0.0012191830948747211
madhya pradesh,Umaria,5300,480,-0.001675669313515208
madhya pradesh,Shahdol,5297,767,-0.0021327512727346704
odisha,Bargarh,5239,1402,-0.010969669150977612
haryana,Hisar,5234,909,-0.011731472416343383
maharashtra,Raigarh,5230,1920,-0.012340915028635999
madhya pradesh,Ashok Nagar,5178,436,-0.020263668988440016
madhya pradesh,Narsinghpur,5174,949,-0.020873111600732634
punjab,Patiala,5150,916,-0.024529767274488332
meghalaya,East Jaintia Hills,5133,140,-0.027119898376731955
tamil nadu,Viluppuram,5122,2818,-0.02879586556053665
punjab,Gurdaspur,5120,1360,-0.02910058686668296
uttar pradesh,Shrawasti,5117,685,-0.02955766882590242
gujarat,Sabarkantha,5115,1686,-0.02986239013204873
karnataka,Dharwad,5103,1729,-0.03169071796892658
tamil nadu,Krishnagiri,5075,1756,-0.0359568162549749
kerala,Kollam,5069,3073,-0.03687098017341382
uttar pradesh,Sonbhadra,5034,982,-0.042203603030974216
madhya pradesh,Neemuch,4964,758,-0.05286884874609501
chhattisgarh,Raigarh,4956,820,-0.05408773397068024
meghalaya,South West Garo Hills,4956,178,-0.05408773397068024
chhattisgarh,Baloda Bazar,4944,1023,-0.05591606180755809
rajasthan,Hanumangarh,4940,935,-0.05652550441985071
karnataka,Bidar,4920,1347,-0.05957271748131379
madhya pradesh,Mandla,4911,901,-0.060943963358972175
odisha,Bhadrak,4891,1975,-0.06399117642043527
assam,Jorhat,4887,1170,-0.06460061903272787
bihar,Jehanabad,4883,1067,-0.0652100616450205
tamil nadu,Namakkal,4872,2160,-0.06688602882882519
rajasthan,Bundi,4872,934,-0.06688602882882519
andhra pradesh,Hyderabad,4840,1876,-0.07176156972716613
karnataka,Davangere,4813,1673,-0.07587530736014128
karnataka,Kalaburagi,4782,1596,-0.08059848760540907
uttar pradesh,Lalitpur,4753,676,-0.08501694654453054
maharashtra,Akola,4708,1186,-0.09187317593282247
haryana,Palwal,4703,408,-0.09263497919818825
chhattisgarh,Janjgir-champa,4639,1097,-0.10238606099487012
manipur,Churachandpur,4638,328,-0.10253842164794326
haryana,Sonipat,4619,1102,-0.1054332740563332
assam,Kokrajhar,4609,754,-0.10695688058706473
assam,Udalguri,4565,938,-0.11366074932228352
jammu and kashmir,Jammu,4558,1756,-0.1147272738937956
madhya pradesh,Khandwa,4521,805,-0.1203646180575023
rajasthan,Rajsamand,4512,1247,-0.12173586393516068
jammu and kashmir,Doda,4502,614,-0.12325947046589224
odisha,Koraput,4502,1387,-0.12325947046589224
odisha,Kalahandi,4496,1331,-0.12417363438433116
maharashtra,Chandrapur,4475,1275,-0.1273732080988674
delhi,North Delhi,4459,291,-0.12981097854803786
karnataka,Gadag,4457,1167,-0.13011569985418417
jharkhand,Jamtara,4450,387,-0.13118222442569624
tamil nadu,Sivaganga,4446,2146,-0.13179166703798886
meghalaya,South Garo Hills,4441,229,-0.13255347030335463
uttar pradesh,Sant Ravidas Nagar,4420,843,-0.13575304401789087
andhra pradesh,Anantapur,4415,2570,-0.13651484728325664
karnataka,Chitradurga,4413,1568,-0.13681956858940295
west bengal,Coochbehar,4410,10,-0.13727665054862243
karnataka,Mysuru,4361,1714,-0.14474232254920696
karnataka,Gulbarga,4356,1685,-0.14550412581457273
gujarat,Bharuch,4351,1349,-0.14626592907993852
uttar pradesh,Siddharth Nagar,4341,6,-0.14778953561067004
odisha,Khorda,4317,2021,-0.15144619128442574
andhra pradesh,Srikakulam,4300,2377,-0.15403632238666937
gujarat,Amreli,4293,1202,-0.15510284695818144
karnataka,Haveri,4242,1369,-0.16287324026491232
karnataka,Bijapur,4231,1780,-0.164549207448717
karnataka,Bellary,4220,1545,-0.1662251746325217
karnataka,Kolar,4186,1274,-0.17140543683700896
chhattisgarh,Rajnandgaon,4185,746,-0.1715577974900821
tamil nadu,Thiruvarur,4165,2338,-0.17460501055154518
punjab,Hoshiarpur,4134,1373,-0.17932819079681298
punjab,Jalandhar,4118,1875,-0.18176596124598343
west bengal,South Twenty Four Parganas,4107,1543,-0.18344192842978813
gujarat,Chhotaudepur,4107,534,-0.18344192842978813
chhattisgarh,Durg,4095,1034,-0.185270256266666
telangana,Medchal-malkajgiri,4070,1209,-0.18907927259349483
haryana,Karnal,4048,831,-0.19243120696110422
tamil nadu,Nagapattinam,4047,2448,-0.1925835676141774
maharashtra,Osmanabad,4026,1160,-0.1957831413287136
tamil nadu,Karur,4019,1535,-0.1968496659002257
odisha,Kendrapara,4015,1633,-0.1974591085125183
tamil nadu,Ramanathapuram,4005,2027,-0.19898271504324985
odisha,Sundergarh,4001,1889,-0.19959215765554247
himachal pradesh,Kangra,3966,2504,-0.20492478051310287
uttarakhand,Nainital,3951,758,-0.20721019030920018
delhi,Central Delhi,3947,486,-0.2078196329214928
telangana,Khammam,3888,1603,-0.2168089114528089
assam,Nalbari,3881,1097,-0.21787543602432097
bihar,Arwal,3866,582,-0.22016084582041828
madhya pradesh,East Nimar,3859,780,-0.22122737039193036
andhra pradesh,Vizianagaram,3856,2127,-0.22168445235114984
haryana,Jind,3821,674,-0.22701707520871023
rajasthan,Pratapgarh,3794,704,-0.23113081284168538
jammu and kashmir,Baramula,3747,759,-0.23829176353612364
uttar pradesh,Auraiya,3733,886,-0.24042481267914778
odisha,Puri,3731,1578,-0.2407295339852941
punjab,Kapurthala,3726,638,-0.24149133725065985
assam,Baksa,3699,725,-0.24560507488363503
west bengal,Alipurduar,3673,616,-0.24956645186353704
karnataka,Mandya,3594,1612,-0.26160294345631624
karnataka,Udupi,3591,1823,-0.2620600254155357
kerala,Alappuzha,3559,2436,-0.2669355663138766
chhattisgarh,Surguja,3556,593,-0.26739264827309606
kerala,Kasaragod,3555,1365,-0.2675450089261692
chhattisgarh,Korba,3542,891,-0.26952569741612026
haryana,Bhiwani,3489,1124,-0.2776008120289974
tamil nadu,Theni,3473,1323,-0.2800385824781679
karnataka,Uttara Kannada,3470,1835,-0.2804956644373873
uttar pradesh,Hamirpur,3465,789,-0.2812574677027531
meghalaya,South West Khasi Hills,3446,172,-0.28415232011114305
maharashtra,Raigad,3433,952,-0.28613300860109403
haryana,Rohtak,3413,740,-0.28918022166255714
haryana,Yamuna Nagar,3396,726,-0.29177035276480073
jharkhand,Seraikela-Kharsawan,3389,783,-0.2928368773363128
maharashtra,Washim,3386,652,-0.29329395929553226
chhattisgarh,Mahasamund,3361,461,-0.29710297562236115
jammu and kashmir,Anantnag,3350,765,-0.29877894280616585
west bengal,Koch Bihar,3348,1345,-0.29908366411231213
assam,Chirang,3348,513,-0.29908366411231213
haryana,Sirsa,3335,738,-0.30106435260226316
kerala,Kottayam,3321,2307,-0.3031974017452873
bihar,Sheohar,3262,361,-0.3121866802766034
jammu and kashmir,Srinagar,3256,1159,-0.3131008441950423
odisha,Rayagada,3226,908,-0.31767166378723694
madhya pradesh,Anuppur,3226,684,-0.31767166378723694
jharkhand,Koderma,3222,498,-0.31828110639952956
haryana,Ambala,3218,796,-0.3188905490118222
telangana,Bhadradri Kothagudem,3211,909,-0.31995707358333425
bihar,Sheikhpura,3199,430,-0.3217854014202121
nagaland,Dimapur,3196,293,-0.32224248337943157
andhra pradesh,Ananthapuramu,3187,1967,-0.32361372925709
odisha,Jagatsinghapur,3184,1186,-0.32407081121630943
assam,Bongaigaon,3175,614,-0.3254420570939678
karnataka,Chikkaballapur,3152,1031,-0.32894635211465034
odisha,Kandhamal,3081,1070,-0.3397639584828443
karnataka,Mysore,3073,1656,-0.34098284370742954
meghalaya,North Garo Hills,3069,216,-0.34159228631972216
west bengal,Purba Bardhaman,3041,1713,-0.34585838460577045
chhattisgarh,Kondagaon,3038,369,-0.3463154665649899
uttar pradesh,Mahoba,3020,555,-0.3490579583203067
odisha,Dhenkanal,3017,1167,-0.3495150402795262
madhya pradesh,Ashoknagar,3011,5,-0.3504292041979651
odisha,Angul,3009,1084,-0.3507339255041114
karnataka,Tumakuru,3000,1679,-0.3521051713817698
haryana,Kaithal,2991,602,-0.3534764172594282
telangana,Adilabad,2987,1257,-0.3540858598717208
jharkhand,Ramgarh,2979,893,-0.35530474509630605
chhattisgarh,Surajpur,2977,574,-0.35560946640245233
jharkhand,Lohardaga,2959,322,-0.3583519581577691
chhattisgarh,Mungeli,2957,352,-0.35865667946391544
jammu and kashmir,Kathua,2954,813,-0.3591137614231349
punjab,SAS Nagar (Mohali),2953,996,-0.35926612207620806
telangana,Warangal,2952,1733,-0.3594184827292812
karnataka,Ramanagar,2949,832,-0.3598755646885006
gujarat,Botad,2947,418,-0.36018028599464696
karnataka,Tumkur,2942,1701,-0.36094208926001276
punjab,Tarn Taran,2939,1035,-0.3613991712192322
maharashtra,Mumbai City,2929,1250,-0.36292277774996373
maharashtra,Gondiya,2890,618,-0.3688648432198168
jammu and kashmir,Kupwara,2875,428,-0.37115025301591403
odisha,Malkangiri,2870,541,-0.3719120562812798
uttar pradesh,Prayagraj,2865,1025,-0.3726738595466456
west bengal,Haora,2862,1379,-0.37313094150586507
rajasthan,Jaisalmer,2854,589,-0.3743498267304503
jammu and kashmir,Udhampur,2806,737,-0.3816631380779617
tripura,West Tripura,2802,1051,-0.3822725806902543
karnataka,Bengaluru Rural,2790,10,-0.3841009085271322
uttarakhand,Tehri Garhwal,2781,954,-0.38547215440479055
karnataka,Ballari,2781,1199,-0.38547215440479055
chhattisgarh,Bemetara,2771,493,-0.38699576093552207
gujarat,Navsari,2757,939,-0.38912881007854627
haryana,Mahendragarh,2754,508,-0.3895858920377657
assam,Sibsagar,2737,830,-0.3921760231400093
chandigarh,Chandigarh,2720,856,-0.394766154242253
punjab,Bathinda,2704,799,-0.3972039246914234
telangana,Sangareddy,2703,1127,-0.3973562853444966
jammu and kashmir,Rajouri,2674,664,-0.40177474428361803
madhya pradesh,Dindori,2659,473,-0.40406015407971535
jharkhand,Khunti,2644,432,-0.40634556387581267
karnataka,Bangalore Rural,2644,742,-0.40634556387581267
haryana,Gurugram,2636,7,-0.4075644491003979
jammu and kashmir,Punch,2628,276,-0.40878333432498315
haryana,Jhajjar,2624,808,-0.40939277693727577
haryana,Fatehabad,2612,573,-0.4112211047741536
jharkhand,Latehar,2609,502,-0.4116781867333731
odisha,Jajapur,2608,1413,-0.4118305473864462
maharashtra,Ratnagiri,2603,1530,-0.412592350651812
telangana,Vikarabad,2593,879,-0.4141159571825435
odisha,Sambalpur,2577,1090,-0.416553727631714
gujarat,Mahisagar,2563,626,-0.41868677677473815
chhattisgarh,Jashpur,2543,710,-0.42173398983620125
madhya pradesh,Agar Malwa,2537,369,-0.42264815375464015
uttar pradesh,Shravasti,2535,4,-0.4229528750607865
gujarat,Porbandar,2519,532,-0.4253906455099569
himachal pradesh,Mandi,2514,1507,-0.4261524487753227
karnataka,Hassan,2494,1405,-0.4291996618367858
gujarat,Devbhumi Dwarka,2490,585,-0.42980910444907844
haryana,Rewari,2485,681,-0.4305709077144442
odisha,JAJPUR,2472,1304,-0.4325515962043952
odisha,Nayagarh,2466,1147,-0.4334657601228341
gujarat,Sabar Kantha,2437,140,-0.43788421906195557
tamil nadu,Ariyalur,2412,1084,-0.44169323538878447
haryana,Kurukshetra,2404,626,-0.44291212061336965
gujarat,Arvalli,2391,665,-0.4448928091033207
uttar pradesh,Barabanki,2375,345,-0.44733057955249117
maharashtra,Gadchiroli,2374,770,-0.4474829402055643
punjab,Sangrur,2329,730,-0.45433916959385623
tamil nadu,Kanniyakumari,2275,1534,-0.4625666448598066
karnataka,Shimoga,2260,1269,-0.46485205465590385
karnataka,Shivamogga,2229,1234,-0.46957523490117165
karnataka,Chamrajanagar,2227,800,-0.469879956207318
nagaland,Mon,2223,240,-0.47048939881961055
gujarat,Tapi,2212,778,-0.4721653660034153
west bengal,West Midnapore,2190,1032,-0.4755173003710247
andhra pradesh,Spsr Nellore,2183,16,-0.47658382494253676
chhattisgarh,Sukma,2179,240,-0.4771932675548294
tripura,South Tripura,2158,642,-0.4803928412693656
chhattisgarh,Kawardha,2142,242,-0.4828306117185361
madhya pradesh,Harda,2134,199,-0.48404949694312127
tamil nadu,Perambalur,2130,1009,-0.4846589395554139
karnataka,Vijayanagara,2119,963,-0.4863349067392186
west bengal,East Midnapore,2118,1328,-0.48648726739229176
odisha,Nuapada,2083,437,-0.4918198902498522
jharkhand,Simdega,2079,409,-0.4924293328621448
telangana,Suryapet,2042,792,-0.4980666770258515
telangana,Kamareddy,2008,867,-0.5032469392303387
tamil nadu,Kanyakumari,2005,1449,-0.5037040211895581
odisha,Gajapati,2002,705,-0.5041611031487776
andhra pradesh,Ananthapur,1994,1421,-0.5053799883733628
chhattisgarh,Dhamtari,1968,482,-0.5093413653532649
maharashtra,Wardha,1953,692,-0.5116267751493622
kerala,Pathanamthitta,1951,1548,-0.5119314964555085
jammu and kashmir,Ramban,1920,289,-0.5166546767007762
punjab,Fazilka,1911,492,-0.5180259225784347
maharashtra,Bhandara,1903,794,-0.51924480780302
assam,West Karbi Anglong,1884,157,-0.5221396602114098
andhra pradesh,Rangareddi,1883,1123,-0.522292020864483
telangana,Siddipet,1876,994,-0.523358545435995
jammu and kashmir,Pulwama,1871,464,-0.5241203487013608
jammu and kashmir,Badgam,1865,369,-0.5250345126197997
uttarakhand,Pauri Garhwal,1856,974,-0.5264057584974582
telangana,Jogulamba Gadwal,1844,485,-0.528234086334336
west bengal,Bardhaman,1776,1190,-0.5385946107433105
chhattisgarh,Koriya,1763,487,-0.5405752992332615
west bengal,Maldah,1756,791,-0.5416418238047735
delhi,North East,1738,207,-0.5443843155600904
tripura,Sepahijala,1728,282,-0.5459079220908218
andhra pradesh,Tirupati,1719,952,-0.5472791679684803
jammu and kashmir,Reasi,1715,362,-0.5478886105807729
tamil nadu,The Nilgiris,1714,1031,-0.5480409712338461
chhattisgarh,Kanker,1705,601,-0.5494122171115045
delhi,Shahdara,1700,201,-0.5501740203768702
kerala,Idukki,1698,1134,-0.5504787416830165
uttar pradesh,Ayodhya,1693,675,-0.5512405449483823
chhattisgarh,Balod,1678,493,-0.5535259547444796
himachal pradesh,Shimla,1670,1091,-0.5547448399690649
telangana,Wanaparthy,1667,590,-0.5552019219282843
himachal pradesh,Chamba,1657,799,-0.5567255284590158
mizoram,Lawngtlai,1642,178,-0.5590109382551132
jammu and kashmir,Bandipore,1639,263,-0.5594680202143326
delhi,New Delhi,1637,107,-0.559772741520479
west bengal,North Twenty Four Parganas,1627,1082,-0.5612963480512104
nagaland,Kohima,1621,245,-0.5622105119696493
andhra pradesh,Sri Potti Sriramulu Nellore,1614,981,-0.5632770365411615
telangana,Jagitial,1595,788,-0.5661718889495514
telangana,Yadadri.,1586,683,-0.5675431348272097
himachal pradesh,Sirmaur,1584,609,-0.5678478561333561
nagaland,Tuensang,1579,163,-0.5686096593987219
uttar pradesh,Kushi Nagar,1570,1,-0.5699809052763802
chhattisgarh,Gariyaband,1542,531,-0.5742470035624285
punjab,Moga,1535,701,-0.5753135281339407
kerala,Wayanad,1516,685,-0.5782083805423306
andhra pradesh,Mahabub Nagar,1511,934,-0.5789701838076964
odisha,Sonapur,1510,481,-0.5791225444607695
haryana,Nuh,1506,2,-0.5797319870730621
telangana,Mahabubabad,1503,677,-0.5801890690322816
manipur,Senapati,1501,608,-0.5804937903384279
tripura,North Tripura,1488,577,-0.5824744788283789
assam,South Salmara Mankachar,1472,245,-0.5849122492775494
nagaland,Peren,1454,95,-0.5876547410328661
jharkhand,East Singhbum,1447,4,-0.5887212656043782
gujarat,Surendranagar,1442,115,-0.589483068869744
odisha,Boudh,1424,555,-0.5922255606250607
tripura,Dhalai,1420,427,-0.5928350032373534
andhra pradesh,Adilabad,1419,870,-0.5929873638904265
andhra pradesh,Medak,1406,937,-0.5949680523803775
gujarat,Panch Mahals,1402,71,-0.5955774949926701
telangana,Nirmal,1401,550,-0.5957298556457433
haryana,Panchkula,1384,582,-0.5983199867479869
punjab,Ferozepur,1381,605,-0.5987770687072064
uttarakhand,Almora,1367,800,-0.6009101178502305
telangana,Nagarkurnool,1361,699,-0.6018242817686694
puducherry,Puducherry,1330,775,-0.6065474620139373
assam,Biswanath,1329,501,-0.6066998226670104
gujarat,The Dangs,1328,223,-0.6068521833200835
punjab,Sri Muktsar Sahib,1315,542,-0.6088328718100345
telangana,Narayanpet,1310,526,-0.6095946750754003
gujarat,Narmada,1280,492,-0.614165494667595
west bengal,Paschim Bardhaman,1276,943,-0.6147749372798875
jammu and kashmir,Kishtwar,1269,190,-0.6158414618513997
tamil nadu,Tenkasi,1268,888,-0.6159938225044728
andhra pradesh,Alluri Sitharama Raju,1255,743,-0.6179745109944238
tamil nadu,Chengalpattu,1253,686,-0.6182792323005701
himachal pradesh,Una,1247,820,-0.619193396219009
punjab,Rupnagar,1246,674,-0.6193457568720822
himachal pradesh,Kullu,1239,656,-0.6204122814435943
manipur,Imphal West,1236,509,-0.6208693634028137
karnataka,Chickmagalur,1231,802,-0.6216311666681795
odisha,Baleshwar,1229,957,-0.6219358879743259
chhattisgarh,Dakshin Bastar Dantewada,1224,291,-0.6226976912396915
odisha,Khordha,1222,872,-0.6230024125458379
uttarakhand,Pithoragarh,1220,681,-0.6233071338519842
karnataka,Kodagu,1211,646,-0.6246783797296426
jammu and kashmir,Kulgam,1211,156,-0.6246783797296426
maharashtra,Sindhudurg,1202,819,-0.6260496256073009
himachal pradesh,Hamirpur,1198,863,-0.6266590682195936
assam,Charaideo,1189,354,-0.628030314097252
madhya pradesh,Narsimhapur,1189,489,-0.628030314097252
odisha,Jharsuguda,1182,609,-0.6290968386687641
himachal pradesh,Solan,1176,647,-0.630011002587203
andhra pradesh,Nalgonda,1167,853,-0.6313822484648614
mizoram,Champhai,1165,176,-0.6316869697710077
karnataka,Chikkamagaluru,1151,709,-0.6338200189140318
andhra pradesh,Khammam,1133,833,-0.6365625106693487
manipur,Imphal East,1132,458,-0.6367148713224218
uttarakhand,Uttarkashi,1132,435,-0.6367148713224218
punjab,Mansa,1124,449,-0.637933756547007
manipur,Bishnupur,1117,190,-0.639000281118519
punjab,Pathankot,1115,425,-0.6393050024246654
telangana,Komaram Bheem,1106,412,-0.6406762483023237
telangana,Mancherial,1094,638,-0.6425045761392016
uttarakhand,Chamoli,1090,643,-0.6431140187514942
pondicherry,Pondicherry,1084,664,-0.6440281826699332
maharashtra,Buldana,1075,615,-0.6453994285475916
manipur,Thoubal,1067,353,-0.6466183137721768
tamil nadu,Kallakurichi,1064,593,-0.6470753957313963
andhra pradesh,Warangal,1059,797,-0.6478371989967621
mizoram,Aizawl,1059,485,-0.6478371989967621
assam,North Cachar Hills,1058,232,-0.6479895596498352
tamil nadu,Tirupattur,1048,681,-0.6495131661805668
punjab,Fatehgarh Sahib,1048,453,-0.6495131661805668
nagaland,Phek,1043,188,-0.6502749694459324
telangana,Hanumakonda,1030,652,-0.6522556579358835
telangana,Jangoan,1022,531,-0.6534745431604687
andhra pradesh,Annamayya,1021,701,-0.6536269038135419
punjab,Barnala,1013,419,-0.6548457890381271
maharashtra,Chhatrapati Sambhajinagar,1010,524,-0.6553028709973466
himachal pradesh,Bilaspur,999,634,-0.6569788381811513
west bengal,Dinajpur Dakshin,997,2,-0.6572835594872976
karnataka,Hasan,993,756,-0.6578930020995902
jharkhand,Purbi Singhbhum,986,573,-0.6589595266711022
chhattisgarh,Gaurella Pendra Marwahi,983,3,-0.6594166086303217
andhra pradesh,Kakinada,969,700,-0.6615496577733458
west bengal,Jhargram,962,527,-0.662616182344858
manipur,Tamenglong,960,241,-0.6629209036510043
uttarakhand,Rudraprayag,956,454,-0.6635303462632969
chhattisgarh,Kabeerdham,955,202,-0.6636827069163701
punjab,Shaheed Bhagat Singh Nagar,946,586,-0.6650539527940285
andhra pradesh,Sri Sathya Sai,938,717,-0.6662728380186137
telangana,Mulugu,937,405,-0.6664251986716868
andhra pradesh,N. T. R,933,665,-0.6670346412839795
nagaland,Kiphire,908,75,-0.6708436576108083
andhra pradesh,Nandyal,905,644,-0.6713007395700278
punjab,Faridkot,902,344,-0.6717578215292472
arunachal pradesh,Longding,897,78,-0.672519624794613
nagaland,Longleng,889,68,-0.6737385100191983
chhattisgarh,Uttar Bastar Kanker,888,424,-0.6738908706722714
telangana,Rajanna Sircilla,888,440,-0.6738908706722714
odisha,Debagarh,883,285,-0.6746526739376372
gujarat,Dang,872,4,-0.6763286411214419
uttarakhand,Champawat,866,321,-0.6772428050398808
punjab,Malerkotla,865,234,-0.6773951656929539
jharkhand,Seraikela-kharsawan,861,422,-0.6780046083052466
andhra pradesh,Palnadu,860,604,-0.6781569689583197
jammu and kashmir,Budgam,859,304,-0.6783093296113929
haryana,Charkhi Dadri,858,408,-0.678461690264466
telangana,Jayashankar Bhupalpally,847,404,-0.6801376574482707
jammu and kashmir,Ganderbal,843,237,-0.6807471000605633
andhra pradesh,Y. S. R,823,588,-0.6837943131220264
meghalaya,Eastern West Khasi Hills,818,57,-0.6845561163873922
arunachal pradesh,Changlang,803,184,-0.6868415261834895
west bengal,Purulia,783,441,-0.6898887392449525
manipur,Ukhrul,781,189,-0.6901934605510989
chhattisgarh,Narayanpur,762,70,-0.6930883129594888
nagaland,Zunheboto,761,151,-0.6932406736125619
madhya pradesh,West Nimar,760,374,-0.6933930342656351
manipur,Chandel,759,206,-0.6935453949187083
dadra and nagar haveli,Dadra and Nagar Haveli,744,162,-0.6958308047148056
uttarakhand,Bageshwar,742,417,-0.6961355260209519
madhya pradesh,Narmadapuram,737,362,-0.6968973292863176
telangana,Warangal Rural,732,485,-0.6976591325516834
odisha,Sundargarh,730,601,-0.6979638538578298
west bengal,Darjiling,726,344,-0.6985732964701223
mizoram,Lunglei,726,187,-0.6985732964701223
andhra pradesh,Mahbubnagar,722,547,-0.699182739082415
the dadra and nagar haveli and daman and diu,Dadra And Nagar Haveli,716,2,-0.7000969030008539
chhattisgarh,Dantewada,710,194,-0.7010110669192928
punjab,S.A.S Nagar,705,2,-0.7017728701846586
telangana,Medchal Malkajgiri,704,2,-0.7019252308377317
odisha,Jagatsinghpur,694,423,-0.7034488373684633
karnataka,yadgir,689,401,-0.7042106406338291
tripura,Gomati,679,255,-0.7057342471645606
jammu and kashmir,Shupiyan,666,69,-0.7077149356545116
andhra pradesh,Dr. B. R. Ambedkar Konaseema,665,561,-0.7078672963075847
telangana,Warangal Urban,663,350,-0.708172017613731
andhra pradesh,Karimnagar,659,552,-0.7087814602260237
mizoram,Saiha,657,107,-0.70908618153217
west bengal,Medinipur West,645,2,-0.7109145093690479
tripura,Unakoti,639,307,-0.7118286732874868
andhra pradesh,Eluru,629,524,-0.7133522798182184
madhya pradesh,Harda *,610,206,-0.7162471322266083
tamil nadu,Thiruvallur,605,223,-0.717008935491974
jharkhand,Pashchimi Singhbhum,599,174,-0.717923099410413
telangana,Peddapalli,588,402,-0.7195990665942177
jammu and kashmir,Samba,588,281,-0.7195990665942177
maharashtra,Bid,568,346,-0.7226462796556807
jharkhand,Hazaribag,566,247,-0.7229510009618271
nagaland,Wokha,558,87,-0.7241698861864123
uttar pradesh,Bhadohi,546,355,-0.7259982140232901
andhra pradesh,Anakapalli,543,443,-0.7264552959825096
telangana,Medchal−malkajgiri,535,327,-0.7276741812070948
jammu and kashmir,Kargil,526,248,-0.7290454270847532
andhra pradesh,Nizamabad,524,354,-0.7293501483908995
assam,Majuli,515,146,-0.7307213942685579
west bengal,Kalimpong,513,147,-0.7310261155747042
andhra pradesh,Parvathipuram Manyam,508,393,-0.73178791884007
tamil nadu,Mayiladuthurai,502,421,-0.7327020827585089
sikkim,West Sikkim,501,103,-0.732854443411582
rajasthan,Jalore,494,5,-0.7339209679830941
ladakh,Kargil,492,220,-0.7342256892892405
andhra pradesh,Bapatla,492,414,-0.7342256892892405
west bengal,24 Paraganas South,490,1,-0.7345304105953867
nagaland,Mokokchung,490,154,-0.7345304105953867
karnataka,Davanagere,483,380,-0.7355969351668988
sikkim,South Sikkim,459,100,-0.7392535908406546
chhattisgarh,Sakti,455,256,-0.7398630334529471
arunachal pradesh,Papum Pare,447,239,-0.7410819186775324
west bengal,South Dinajpur,446,248,-0.7412342793306055
odisha,Nabarangpur,442,1,-0.7418437219428982
madhya pradesh,Mauganj,438,223,-0.7424531645551907
assam,Sivasagar,422,4,-0.7448909350043612
maharashtra,Mumbai( Sub Urban ),419,340,-0.7453480169635807
madhya pradesh,Maihar,418,252,-0.7455003776166539
jammu and kashmir,Shopian,412,1,-0.7464145415350928
odisha,Subarnapur,405,250,-0.7474810661066048
puducherry,Karaikal,405,257,-0.7474810661066048
punjab,Firozpur,395,291,-0.7490046726373364
tamil nadu,Kanchipuram,387,4,-0.7502235578619216
jharkhand,Garhwa *,381,138,-0.7511377217803605
karnataka,Chamrajnagar,380,285,-0.7512900824334338
sikkim,East,370,236,-0.7528136889641652
maharashtra,Ahmednagar,368,2,-0.7531184102703116
jharkhand,Sahibganj,365,106,-0.753575492229531
rajasthan,Chittaurgarh,357,237,-0.7547943774541163
nagaland,Noklak,354,58,-0.7552514594133357
west bengal,North Dinajpur,342,240,-0.7570797872502135
maharashtra,Ahmed Nagar,340,241,-0.7573845085563599
sikkim,East Sikkim,339,228,-0.757536869209433
tripura,Khowai,339,169,-0.757536869209433
punjab,Muktsar,334,202,-0.7582986724747988
kerala,Kasargod,315,260,-0.7611935248831887
rajasthan,Jhunjhunu,311,241,-0.7618029674954814
jharkhand,Kodarma,310,148,-0.7619553281485545
telangana,Rangareddy,300,170,-0.7634789346792861
jharkhand,Pakaur,297,110,-0.7639360166385055
chhattisgarh,Manendragarh–Chirmiri–Bharatpur,294,140,-0.764393098597725
jharkhand,Palamau,286,100,-0.7656119838223102
telangana,Ranga Reddy,284,1,-0.7659167051284566
arunachal pradesh,West Kameng,278,127,-0.7668308690468955
punjab,S.A.S Nagar(Mohali),277,225,-0.7669832296999686
mizoram,Kolasib,275,124,-0.7672879510061149
chhattisgarh,Mohla-Manpur-Ambagarh Chouki,259,134,-0.7697257214552854
bihar,Purnea,257,137,-0.7700304427614316
assam,Dima Hasao,250,30,-0.7710969673329438
karnataka,Chamarajanagar,249,176,-0.7712493279860169
karnataka,Bagalkot *,249,182,-0.7712493279860169
nagaland,Shamator,247,58,-0.7715540492921632
chhattisgarh,Khairagarh Chhuikhadan Gandai,246,128,-0.7717064099452363
andhra pradesh,Visakhapatanam,226,1,-0.7747536230066995
maharashtra,Chatrapati Sambhaji Nagar,211,70,-0.7770390328027967
sikkim,West,208,112,-0.7774961147620162
jammu and kashmir,Leh,206,111,-0.7778008360681625
karnataka,Ramanagara,204,1,-0.7781055573743089
lakshadweep,Lakshadweep,203,159,-0.778257918027382
karnataka,Bengaluru South,203,83,-0.778257918027382
sikkim,South,197,126,-0.7791720819458209
odisha,Anugul,194,172,-0.7796291639050403
west bengal,Hugli,194,181,-0.7796291639050403
arunachal pradesh,West Siang,192,99,-0.7799338852111867
punjab,Nawanshahr,192,157,-0.7799338852111867
andaman and nicobar islands,South Andaman,190,152,-0.780238606517333
chhattisgarh,Sarangarh-Bilaigarh,186,131,-0.7808480491296256
uttar pradesh,Bulandshahar,185,136,-0.7810004097826988
nagaland,Chumukedima,184,71,-0.7811527704357719
arunachal pradesh,East Kameng,181,67,-0.7816098523949914
odisha,Baudh,175,125,-0.7825240163134303
mizoram,Mamit,171,80,-0.783133458925723
assam,Sribhumi,169,148,-0.7834381802318693
arunachal pradesh,East Siang,168,77,-0.7835905408849424
arunachal pradesh,Lohit,166,83,-0.7838952621910887
himachal pradesh,Kinnaur,163,150,-0.7843523441503082
pondicherry,Karaikal,162,133,-0.7845047048033813
karnataka,Chikmagalur,154,127,-0.7857235900279665
arunachal pradesh,Tawang,154,85,-0.7857235900279665
arunachal pradesh,Namsai,150,87,-0.7863330326402591
uttarakhand,Hardwar,146,123,-0.7869424752525518
manipur,Jiribam,145,69,-0.7870948359056249
karnataka,Gadag *,145,105,-0.7870948359056249
maharashtra,Dharashiv,144,125,-0.7872471965586981
meghalaya,Kamrup,143,1,-0.7873995572117712
arunachal pradesh,Upper Subansiri,143,53,-0.7873995572117712
madhya pradesh,Niwari,142,110,-0.7875519178648444
maharashtra,Nandurbar *,140,114,-0.7878566391709907
chhattisgarh,Gaurela-pendra-marwahi,140,86,-0.7878566391709907
rajasthan,Dhaulpur,139,78,-0.7880089998240638
andaman and nicobar islands,North And Middle Andaman,132,99,-0.7890755243955759
bihar,Purba Champaran,127,106,-0.7898373276609417
ladakh,Leh,125,84,-0.7901420489670881
karnataka,Haveri *,117,92,-0.7913609341916733
tamil nadu,Ranipet,111,96,-0.7922750981101122
arunachal pradesh,Lower Dibang Valley,109,54,-0.7925798194162584
manipur,Kakching,109,61,-0.7925798194162584
arunachal pradesh,Lower Subansiri,105,58,-0.7931892620285511
bihar,Aurangabad(bh),105,80,-0.7931892620285511
arunachal pradesh,Siang,103,45,-0.7934939833346975
mizoram,Serchhip,102,58,-0.7936463439877706
arunachal pradesh,Tirap,99,63,-0.79410342594699
madhya pradesh,Pandhurna,98,62,-0.7942557866000631
dadra and nagar haveli and daman and diu,Dadra and Nagar Haveli,88,57,-0.7957793931307947
maharashtra,Raigarh(MH),88,66,-0.7957793931307947
uttar pradesh,Sant Ravidas Nagar Bhadohi,84,64,-0.7963888357430874
uttar pradesh,Jyotiba Phule Nagar,84,66,-0.7963888357430874
andhra pradesh,Karim Nagar,82,68,-0.7966935570492336
bihar,Samstipur,82,74,-0.7966935570492336
arunachal pradesh,Kra Daadi,81,38,-0.7968459177023068
telangana,Jangaon,81,66,-0.7968459177023068
mizoram,Mammit,79,59,-0.7971506390084531
andaman & nicobar islands,Andamans,75,67,-0.7977600816207457
arunachal pradesh,Kurung Kumey,75,34,-0.7977600816207457
andaman and nicobar islands,Nicobar,75,38,-0.7977600816207457
andhra pradesh,K.V.Rangareddy,69,64,-0.7986742455391846
dadra and nagar haveli and daman and diu,Daman,63,41,-0.7995884094576236
daman and diu,Diu,62,51,-0.7997407701106968
jammu & kashmir,Jammu,62,60,-0.7997407701106968
sikkim,North Sikkim,62,47,-0.7997407701106968
rajasthan,Deeg,61,35,-0.7998931307637699
delhi,South East Delhi,60,37,-0.800045491416843
haryana,Yamunanagar,59,39,-0.8001978520699162
daman and diu,Daman,58,41,-0.8003502127229893
maharashtra,Gondiya *,57,49,-0.8005025733760625
uttarakhand,Garhwal,56,45,-0.8006549340291357
assam,Tamulpur District,55,49,-0.8008072946822088
bihar,Monghyr,49,42,-0.8017214586006477
jammu & kashmir,Baramula,47,36,-0.802026179906794
sikkim,North,44,33,-0.8024832618660135
arunachal pradesh,Upper Siang,43,34,-0.8026356225190867
odisha,NUAPADA,39,32,-0.8032450651313793
himachal pradesh,Lahul & Spiti,38,32,-0.8033974257844524
andaman & nicobar islands,South Andaman,38,35,-0.8033974257844524
arunachal pradesh,Anjaw,37,20,-0.8035497864375256
mizoram,Khawzawl,36,17,-0.8037021470905987
arunachal pradesh,Shi-yomi,35,19,-0.8038545077436718
chhattisgarh,Janjgir - Champa,33,24,-0.8041592290498182
maharashtra,Washim *,32,28,-0.8043115897028914
nagaland,Tseminyu,32,19,-0.8043115897028914
tripura,Dhalai  *,32,19,-0.8043115897028914
himachal pradesh,Lahul and Spiti,32,31,-0.8043115897028914
nagaland,Niuland,31,22,-0.8044639503559645
arunachal pradesh,Lower Siang,31,24,-0.8044639503559645
bihar,Bhabua,31,29,-0.8044639503559645
arunachal pradesh,Kamle,30,17,-0.8046163110090376
delhi,Najafgarh,30,25,-0.8046163110090376
assam,Bajali,29,28,-0.8047686716621109
maharashtra,Gondia,29,28,-0.8047686716621109
bihar,Sheikpura,29,24,-0.8047686716621109
west bengal,Medinipur,29,27,-0.8047686716621109
pondicherry,Yanam,26,20,-0.8052257536213303
chhattisgarh,Janjgir Champa,25,25,-0.8053781142744034
dadra & nagar haveli,Dadra & Nagar Haveli,25,24,-0.8053781142744034
sikkim,Namchi,24,22,-0.8055304749274765
karnataka,Chamarajanagar *,23,23,-0.8056828355805498
dadra and nagar haveli and daman and diu,Diu,22,18,-0.8058351962336229
andhra pradesh,K.v. Rangareddy,19,18,-0.8062922781928423
uttar pradesh,Mahrajganj,19,19,-0.8062922781928423
odisha,jajpur,18,16,-0.8064446388459156
nagaland,Meluri,17,12,-0.8065969994989887
odisha,Jajpur,17,17,-0.8065969994989887
west bengal,MALDA,15,11,-0.806901720805135
chhattisgarh,Mohalla-Manpur-Ambagarh Chowki,14,12,-0.8070540814582081
maharashtra,Ahilyanagar,13,12,-0.8072064421112812
odisha,ANUGUL,13,11,-0.8072064421112812
mizoram,Saitual,12,8,-0.8073588027643545
daman & diu,Diu,12,11,-0.8073588027643545
manipur,Pherzawl,11,6,-0.8075111634174276
west bengal,hooghly,10,10,-0.8076635240705008
arunachal pradesh,Dibang Valley,10,9,-0.8076635240705008
daman & diu,Daman,9,9,-0.8078158847235739
jammu & kashmir,Kupwara,9,6,-0.8078158847235739
rajasthan,Deeg ,8,8,-0.807968245376647
bihar,Aurangabad(BH),8,8,-0.807968245376647
jammu & kashmir,Kathua,8,8,-0.807968245376647
puducherry,Yanam,7,7,-0.8081206060297202
andhra pradesh,Mahabubnagar,7,7,-0.8081206060297202
west bengal,HOOGHLY,7,7,-0.8081206060297202
telangana,Warangal (urban),7,5,-0.8081206060297202
uttar pradesh,Kushinagar *,6,6,-0.8082729666827934
west bengal,Hawrah,6,5,-0.8082729666827934
tamil nadu,Tirupathur,4,4,-0.8085776879889397
jammu & kashmir,Anantnag,4,4,-0.8085776879889397
andhra pradesh,chittoor,4,4,-0.8085776879889397
meghalaya,Jaintia Hills,4,4,-0.8085776879889397
arunachal pradesh,Pakke Kessang,4,4,-0.8085776879889397
jammu & kashmir,Pulwama,4,4,-0.8085776879889397
jammu & kashmir,Kargil,4,4,-0.8085776879889397
chandigarh,Rupnagar,3,3,-0.8087300486420128
west bengal,HOWRAH,3,3,-0.8087300486420128
sikkim,Mangan,3,3,-0.8087300486420128
puducherry,Pondicherry,3,3,-0.8087300486420128
himachal pradesh,Lahaul and Spiti,3,3,-0.8087300486420128
odisha,Anugal,3,3,-0.8087300486420128
jammu & kashmir,Leh (ladakh),3,3,-0.8087300486420128
uttar pradesh,Raebareli,3,2,-0.8087300486420128
west bengal,NADIA,3,3,-0.8087300486420128
jammu & kashmir,Srinagar,3,3,-0.8087300486420128
arunachal pradesh,Leparada,3,3,-0.8087300486420128
karnataka,Bijapur(KAR),3,2,-0.8087300486420128
west bengal,nadia,3,3,-0.8087300486420128
west bengal,South 24 parganas,2,1,-0.8088824092950859
west bengal,South 24 Pargana,2,2,-0.8088824092950859
west bengal,West Medinipur,2,2,-0.8088824092950859
jammu & kashmir,Doda,2,2,-0.8088824092950859
jammu & kashmir,Rajauri,2,2,-0.8088824092950859
telangana,Medchal?malkajgiri,2,2,-0.8088824092950859
delhi,North East   *,2,1,-0.8088824092950859
west bengal,Burdwan,2,1,-0.8088824092950859
tamil nadu,Tuticorin,2,2,-0.8088824092950859
jammu & kashmir,Badgam,2,2,-0.8088824092950859
jammu & kashmir,Bandipur,2,2,-0.8088824092950859
mizoram,Hnahthial,2,2,-0.8088824092950859
jammu & kashmir,Udhampur,2,2,-0.8088824092950859
rajasthan,Didwana-Kuchaman,2,2,-0.8088824092950859
jharkhand,Bokaro *,2,2,-0.8088824092950859
karnataka,Udupi *,2,2,-0.8088824092950859
rajasthan,Salumbar,1,1,-0.8090347699481591
rajasthan,Beawar,1,1,-0.8090347699481591
west bengal,KOLKATA,1,1,-0.8090347699481591
tamil nadu,Namakkal   *,1,1,-0.8090347699481591
odisha,Kendrapara *,1,1,-0.8090347699481591
tamil nadu,Tiruvarur,1,1,-0.8090347699481591
rajasthan,Balotra,1,1,-0.8090347699481591
andaman & nicobar islands,Nicobars,1,1,-0.8090347699481591
odisha,ANGUL,1,1,-0.8090347699481591
andhra pradesh,rangareddi,1,1,-0.8090347699481591
maharashtra,Hingoli *,1,1,-0.8090347699481591
west bengal,Hooghiy,1,1,-0.8090347699481591
jammu and kashmir,punch,1,1,-0.8090347699481591
jammu & kashmir,Punch,1,1,-0.8090347699481591
haryana,Jhajjar *,1,1,-0.8090347699481591
west bengal,East Midnapur,1,1,-0.8090347699481591
uttar pradesh,Bagpat,1,1,-0.8090347699481591
